nombre,origen
Play Land,OpenStreetMap
Joker,OpenStreetMap
Carnaby,OpenStreetMap
Casa de paty,OpenStreetMap
Segurea,OpenStreetMap
Sportium,OpenStreetMap
Bingo Plaza Torrent,OpenStreetMap
Luckia,OpenStreetMap
Salones De Juego Comatel,OpenStreetMap
Magarin,OpenStreetMap
Magarin,OpenStreetMap
Sin nombre,OpenStreetMap
Juegging,OpenStreetMap
Mini Casino,OpenStreetMap
Luckia,OpenStreetMap
Sin nombre,OpenStreetMap
Luckia apuestas,OpenStreetMap
Bingo,OpenStreetMap
Luckia apuestas,OpenStreetMap
Macau,OpenStreetMap
Sportium,Validación manual
El Dorado,Validación manual
Sportium,Validación manual
Sportium,Validación manual
Sportium,Validación manual
El Dorado,Validación manual
Sportium,Validación manual
Codere,Validación manual
Codere,Validación manual
Emotiva 22,Validación manual
Emotiva 68,Validación manual
Joker,Validación manual
Joker,Validación manual
Emotiva 99,Validación manual
Emotiva 21,Validación manual
Magarín,Validación manual
Replay,Validación manual
Joker,Validación manual
Joker,Validación manual
Vive la Suerte,Validación manual
Toka,Validación manual
Toka,Validación manual
Toka,Validación manual
Toka,Validación manual
Toka,Validación manual
Toka,Validación manual
Toka,Validación manual
Toka,Validación manual
Replay,Validación manual
Replay,Validación manual
Replay,Validación manual
Replay,Validación manual
Replay,Validación manual
Onnea,Validación manual
Tiki Taka,Validación manual
Replay,Validación manual
Balanzá,Validación manual
Freeplay,Validación manual
Las Vegas,Validación manual
Toka,Validación manual
Marinocio,Validación manual
Orenes,Validación manual
Bonanza,Validación manual
El Dorado,Validación manual
Las Vegas Bonanza,Validación manual
Las Vegas el Prícipe,Validación manual
Replay,Validación manual
Joker,Validación manual
Salón Manises,Validación manual
El Dorado,Validación manual
Versus,Validación manual
Reta,Validación manual
Sportium,Validación manual
Joker,Validación manual
Codere,Validación manual
Magarín,Validación manual
Joker,Validación manual
Versus,Validación manual
El dorado,Validación manual
Emotiva 70,Validación manual
El Dorado,Validación manual
Magarín,Validación manual
La Bolera,Validación manual
Magarín,Validación manual
Tiki Taka,Validación manual
Joker,Validación manual
Replay,Validación manual
Marinocio,Validación manual
Codere,Validación manual
Freeplay,Validación manual
Playit,Validación manual
Replay,Validación manual
Versus,Validación manual
Tiki Taka,Validación manual
Bingo puerta de la mar,Validación manual
Bingo balcón de levante,Validación manual
Bingo Avenidas,Validación manual
Orenes Bingo,Validación manual
Bingo Azahar,Validación manual
Bingo tres forques,Validación manual
Bingo mediterráneo,Validación manual
Bingo Valencia,Validación manual
Bingo Aliatar,Validación manual
Bingo la salut,Validación manual
Orenes Jaume I,Validación manual
Bingo Cid,Validación manual
Bingo Park,Validación manual
Bingo extremeño,Validación manual
Bingo Torrefiel,Validación manual
Orenes Primado Reig,Validación manual
Jugarobi,Validación manual
Bingo Murcia-Albacete,Validación manual
Bingo Alaquàs,Validación manual
Bingo La Bolera,Validación manual
Bingo Replay,Validación manual
Bingo Osito,Validación manual
Las Vegas,Validación manual
Cirsa,Validación manual
Magarin,Validación manual
Magarin,Validación manual
Magarin,Validación manual
Magarin,Validación manual
Magarin,Validación manual
Magarin,Validación manual
Magarin,Validación manual
El Dorado,Validación manual
El Dorado,Validación manual
El Dorado,Validación manual
Joker,Validación manual
Joker,Validación manual
Joker,Validación manual
Toka,Validación manual
Toka,Validación manual
